[
    {
    "request":{
        "id":"1",
        "name":"Access Panel"
    },
    "listManager":{
        "fullName":"Koch, Denise A",
        "email":"Koch.Denise@boeing.com",
        "bemsID":"123456"
        },
    "speciality":"Developer"
    },
    {
    "request":{
        "id":"1",
        "name":"Access Panel"
    },
    "listManager":{
        "fullName":"Wickstrom, Margaret L",
        "email":"Wickstrom.Margaret.L@boeing.com",
        "bemsID":"123457"
        },
    "speciality":"Developer"
    },
    {
    "request":{
        "id":"2",
        "name":"Acronyms/ Abbrev."
    },
    "listManager":{
        "fullName":"Wickstrom, Margaret L",
        "email":"Wickstrom.Margaret.L@boeing.com",
        "bemsID":"123457"
        },
    "speciality":"Zones"
    },
    {
    "request":{
        "id":"3",
        "name":"Applicability"
    },
    "listManager":{
        "fullName":"Koch, Denise A",
        "email":"Koch.Denise@boeing.com",
        "bemsID":"123457"
        },
    "speciality":"Developer"
    },
    {
    "request":{
        "id":"4",
        "name":"Tool Requirements"
    },
    "listManager":{
        "fullName":"Viet",
        "email":"Viet@boeing.com",
        "bemsID":"123457"
        },
    "speciality":"Developer"
    }
]
