[{
        "requestId": 29319,
        "supplier": {
            "supplierId": 2202,
            "supplierName": null,
            "supplierCage": null,
            "modifiedOn": null,
            "modifiedBy": null,
            "isActive": false
        },
        "requestComments": "RequestComments",
        "status": {
            "statusId": 1,
            "statusCode": null,
            "statusName": "Open",
            "modifiedOn": null,
            "modifiedBy": null,
            "isActive": false,
            "active": false
        },
        "responseComments": "ReponseComments",
        "fileName": "test.txt",
        "filePath": "test.txt",
        "airplaneModels": null,
        "docTypes": null,
        "manager": {
            "bemsId": 2471217,
            "firstName": null,
            "middleInitial": null,
            "lastName": null,
            "fullName": "Anandha krishanan",
            "foreignPerson": null,
            "email": "anand@infosys.com",
            "phoneNumber": "9750220825",
            "modifiedOn": null,
            "lastLogonDate": null,
            "userRoleVO": null,
            "managerItemVOs": null,
            "active": false
        },
        "requester": {
            "bemsId": 2471217,
            "firstName": null,
            "middleInitial": null,
            "lastName": null,
            "fullName": null,
            "foreignPerson": null,
            "email": null,
            "phoneNumber": null,
            "modifiedOn": null,
            "lastLogonDate": null,
            "userRoleVO": null,
            "managerItemVOs": null,
            "active": false
        },
        "needByDate": null,
        "dateCreated": null,
        "dateClosed": null,
        "modifiedOn": null,
        "modifiedBy": null,
        "equipmentNumber": "AAAA",
        "accessPanel": "AAAA",
        "requestLocation": null
    },
    {
        "requestId": 29236,
        "supplier": {
            "supplierId": 2202,
            "supplierName": null,
            "supplierCage": null,
            "modifiedOn": null,
            "modifiedBy": null,
            "isActive": false
        },
        "requestComments": "RequestComments",
        "status": {
            "statusId": 3,
            "statusCode": "C",
            "statusName": "Completed",
            "modifiedOn": null,
            "modifiedBy": null,
            "isActive": true,
            "active": false
        },
        "responseComments": "ReponseComments",
        "fileName": "test.txt",
        "filePath": "test.txt",
        "airplaneModels": [{
                "airplaneModelId": 391,
                "airplaneModel": "717",
                "modifiedOn": null,
                "modifiedBy": null,
                "isActive": false,
                "active": false
            }, {
                "airplaneModelId": 392,
                "airplaneModel": "727",
                "modifiedOn": null,
                "modifiedBy": null,
                "isActive": false,
                "active": false
            }, {
                "airplaneModelId": 393,
                "airplaneModel": "737",
                "modifiedOn": null,
                "modifiedBy": null,
                "isActive": false,
                "active": false
            }, {
                "airplaneModelId": 394,
                "airplaneModel": "747",
                "modifiedOn": null,
                "modifiedBy": null,
                "isActive": false,
                "active": false
            }, {
                "airplaneModelId": 395,
                "airplaneModel": "757",
                "modifiedOn": null,
                "modifiedBy": null,
                "isActive": false,
                "active": false
            }, {
                "airplaneModelId": 396,
                "airplaneModel": "767",
                "modifiedOn": null,
                "modifiedBy": null,
                "isActive": false,
                "active": false
            }, {
                "airplaneModelId": 397,
                "airplaneModel": "777-23",
                "modifiedOn": null,
                "modifiedBy": null,
                "isActive": false,
                "active": false
            }, {
                "airplaneModelId": 398,
                "airplaneModel": "787",
                "modifiedOn": null,
                "modifiedBy": null,
                "isActive": false,
                "active": false
            }, {
                "airplaneModelId": 409,
                "airplaneModel": "DC08",
                "modifiedOn": null,
                "modifiedBy": null,
                "isActive": false,
                "active": false
            }, {
                "airplaneModelId": 410,
                "airplaneModel": "DC09",
                "modifiedOn": null,
                "modifiedBy": null,
                "isActive": false,
                "active": false
            }, {
                "airplaneModelId": 411,
                "airplaneModel": "DC10",
                "modifiedOn": null,
                "modifiedBy": null,
                "isActive": false,
                "active": false
            }, {
                "airplaneModelId": 414,
                "airplaneModel": "MD10",
                "modifiedOn": null,
                "modifiedBy": null,
                "isActive": false,
                "active": false
            }, {
                "airplaneModelId": 415,
                "airplaneModel": "MD11",
                "modifiedOn": null,
                "modifiedBy": null,
                "isActive": false,
                "active": false
            }, {
                "airplaneModelId": 416,
                "airplaneModel": "MD80",
                "modifiedOn": null,
                "modifiedBy": null,
                "isActive": false,
                "active": false
            }, {
                "airplaneModelId": 417,
                "airplaneModel": "MD90",
                "modifiedOn": null,
                "modifiedBy": null,
                "isActive": false,
                "active": false
            }],
        "docTypes":
                [
                    {
                        "docTypeId": 104,
                        "docTypeName": "AMM",
                        "docTypeDescription": "AIRPLANE MAINTENANCE MANUAL"
                    }
                ],
        "manager": {
            "bemsId": 2471217,
            "firstName": null,
            "middleInitial": null,
            "lastName": null,
            "fullName": "Anandha krishanan",
            "foreignPerson": null,
            "email": "anand@infosys.com",
            "phoneNumber": "9750220825",
            "modifiedOn": null,
            "lastLogonDate": null,
            "userRoleVO": null,
            "managerItemVOs": null,
            "active": false
        },
        "requester": {
            "bemsId": 2471217,
            "firstName": "Anand",
            "middleInitial": null,
            "lastName": "Rajagopalan",
            "fullName": "Anand Rajagopalan",
            "foreignPerson": null,
            "email": "Anandaraghavan.Rajagopalan@boeing.com",
            "phoneNumber": 3758263251,
            "modifiedOn": null,
            "lastLogonDate": null,
            "userRoleVO": null,
            "managerItemVOs": null,
            "active": true
        },
        "needByDate": 1276021800000,
        "dateCreated": 1276062869000,
        "dateClosed": 1276072567000,
        "modifiedOn": null,
        "modifiedBy": null,
        "equipmentNumber": "TESTING EMAIL",
        "accessPanel": "TEST",
        "requestLocation": "TEST LOCATION"
    }, {
        "requestId": 26915,
        "supplier": {
            "supplierId": 2202,
            "supplierName": null,
            "supplierCage": null,
            "modifiedOn": null,
            "modifiedBy": null,
            "isActive": false
        },
        "requestComments": "2nd testing template function GSESP 10.02",
        "status": {
            "statusId": 3,
            "statusCode": "C",
            "statusName": "Completed",
            "modifiedOn": null,
            "modifiedBy": null,
            "isActive": true,
            "active": false
        },
        "responseComments": "ReponseComments",
        "fileName": "test.txt",
        "filePath": "test.txt",
        "airplaneModels": [{
                "airplaneModelId": 391,
                "airplaneModel": "717",
                "modifiedOn": null,
                "modifiedBy": null,
                "isActive": false,
                "active": false
            }, {
                "airplaneModelId": 392,
                "airplaneModel": "727",
                "modifiedOn": null,
                "modifiedBy": null,
                "isActive": false,
                "active": false
            }, {
                "airplaneModelId": 393,
                "airplaneModel": "737",
                "modifiedOn": null,
                "modifiedBy": null,
                "isActive": false,
                "active": false
            }, {
                "airplaneModelId": 394,
                "airplaneModel": "747",
                "modifiedOn": null,
                "modifiedBy": null,
                "isActive": false,
                "active": false
            }, {
                "airplaneModelId": 395,
                "airplaneModel": "757",
                "modifiedOn": null,
                "modifiedBy": null,
                "isActive": false,
                "active": false
            }, {
                "airplaneModelId": 396,
                "airplaneModel": "767",
                "modifiedOn": null,
                "modifiedBy": null,
                "isActive": false,
                "active": false
            }, {
                "airplaneModelId": 397,
                "airplaneModel": "777-23",
                "modifiedOn": null,
                "modifiedBy": null,
                "isActive": false,
                "active": false
            }, {
                "airplaneModelId": 398,
                "airplaneModel": "787",
                "modifiedOn": null,
                "modifiedBy": null,
                "isActive": false,
                "active": false
            }, {
                "airplaneModelId": 409,
                "airplaneModel": "DC08",
                "modifiedOn": null,
                "modifiedBy": null,
                "isActive": false,
                "active": false
            }, {
                "airplaneModelId": 410,
                "airplaneModel": "DC09",
                "modifiedOn": null,
                "modifiedBy": null,
                "isActive": false,
                "active": false
            }, {
                "airplaneModelId": 411,
                "airplaneModel": "DC10",
                "modifiedOn": null,
                "modifiedBy": null,
                "isActive": false,
                "active": false
            }, {
                "airplaneModelId": 414,
                "airplaneModel": "MD10",
                "modifiedOn": null,
                "modifiedBy": null,
                "isActive": false,
                "active": false
            }, {
                "airplaneModelId": 415,
                "airplaneModel": "MD11",
                "modifiedOn": null,
                "modifiedBy": null,
                "isActive": false,
                "active": false
            }, {
                "airplaneModelId": 416,
                "airplaneModel": "MD80",
                "modifiedOn": null,
                "modifiedBy": null,
                "isActive": false,
                "active": false
            }, {
                "airplaneModelId": 417,
                "airplaneModel": "MD90",
                "modifiedOn": null,
                "modifiedBy": null,
                "isActive": false,
                "active": false
            }],
        "docTypes":
                [
                    {
                        "docTypeId": 104,
                        "docTypeName": "AMM",
                        "docTypeDescription": "AIRPLANE MAINTENANCE MANUAL"
                    }
                ],
        "manager": {
            "bemsId": 2471217,
            "firstName": null,
            "middleInitial": null,
            "lastName": null,
            "fullName": "Anandha krishanan",
            "foreignPerson": null,
            "email": "anand@infosys.com",
            "phoneNumber": "9750220825",
            "modifiedOn": null,
            "lastLogonDate": null,
            "userRoleVO": null,
            "managerItemVOs": null,
            "active": false
        },
        "requester": {
            "bemsId": 2471217,
            "firstName": "Anand",
            "middleInitial": null,
            "lastName": "Rajagopalan",
            "fullName": "Anand Rajagopalan",
            "foreignPerson": null,
            "email": "Anandaraghavan.Rajagopalan@boeing.com",
            "phoneNumber": 3758263251,
            "modifiedOn": null,
            "lastLogonDate": null,
            "userRoleVO": null,
            "managerItemVOs": null,
            "active": true
        },
        "needByDate": 1276021800000,
        "dateCreated": 1276062869000,
        "dateClosed": 1276072567000,
        "modifiedOn": null,
        "modifiedBy": null,
        "equipmentNumber": "13-13",
        "accessPanel": "BEHIND THE AFT DOOR",
        "requestLocation": "AFT OF PLANE"
    }
]