[   
    {
        "id": 1,
        "name": "AIRPLANE MODELS",
        "code":"airplaneModel",
        "displayName":"AIRPLANE MODEL"
    },
    {
        "id": 2,
        "name": "ATA CHAPTER",
        "code":"ata",
        "displayName":"ATA CHAPTER"
    },
    {
        "id": 3,
        "name": "DISASSEMBLY DC ACTION",
        "code":"disAssemblyDCAction",
        "displayName":"DISASSEMBLY DC ACTION"
    },
    {
        "id": 4,
        "name": "DISASSEMBLY VC ACTION",
        "code":"disAssemblyVCAction",
        "displayName":"DISASSEMBLY VC ACTION"
    },
    {
        "id": 5,
        "name": "DOC TYPES",
        "code":"docType",
        "displayName":"DOC TYPE"
    },
    {
        "id": 6,
        "name": "ENGINE MANUFACTURER",
        "code":"engineManufacturer",
        "displayName":"ENGINE MANUFACTURER"
    },
    {
        "id": 7,
        "name": "ENGINE TYPE",
        "code":"engineType",
        "displayName":"ENGINE TYPE"
    },
    {
        "id": 8,
        "name": "INFOCODE ACTION",
        "code":"infoCodeAction",
        "displayName":"INFOCODE ACTION"
    },
    {
        "id": 9,
        "name": "LEAD GROUPS",
        "code":"leadGroups",
        "displayName":"LEAD GROUP"
    },
    {
        "id": 11,
        "name": "MATERIAL CODES",
        "code":"materialCodes",
        "displayName":"MATERIAL CODE"
    },
    {
        "id": 12,
        "name": "MATERIAL TYPES",
        "code":"materialTypes",
        "displayName":"MATERIAL TYPE"
    },
    {
        "id": 13,
        "name": "PREFIX",
        "code":"prefix",
        "displayName":"PREFIX"
    },
    {
        "id": 14,
        "name": "REJECTION CODES",
        "code":"rejectionCode",
        "displayName":"REJECTION CODE"
    },
    {
        "id": 15,
        "name": "REQUEST STATUS",
        "code":"requestStatus",
        "displayName":"REQUEST STATUS"
    },
    {
        "id": 16,
        "name": "REQUEST TAGNAME",
        "code":"requestTagName",
        "displayName":"REQUEST TAGNAME"
    },
    {
        "id": 17,
        "name": "SNS ACTION",
        "code":"snsAction",
        "displayName":"SNS ACTION"
    },    
    {
        "id": 18,
        "name": "TAG NAMES",
        "code":"tagName",
        "displayName":"TAG NAME"
    },
    {
        "id": 19,
        "name": "DISASSEMBLY PREFIX",
        "code":"disassemblyPrefix",
        "displayName":"DISASSEMBLY PREFIX"
    }
     
]